Country Name;Country Code;Indicator Name;Indicator Code;2012;2015;2018
Aruba;ABW;GDP per capita (current US$);NY.GDP.PCAP.CD;25119,6655449838;27458,2253310273;30082,1276448186
Africa Eastern and Southern;AFE;GDP per capita (current US$);NY.GDP.PCAP.CD;1702,96925758003;1479,56412348117;1538,92418773564
Afghanistan;AFG;GDP per capita (current US$);NY.GDP.PCAP.CD;651,417134470046;565,569730408751;491,337221382603
Africa Western and Central;AFW;GDP per capita (current US$);NY.GDP.PCAP.CD;1920,11991168727;1845,76780421108;1703,89639222804
Angola;AGO;GDP per capita (current US$);NY.GDP.PCAP.CD;5086,02740086376;3213,90261080059;2538,59139143371
Albania;ALB;GDP per capita (current US$);NY.GDP.PCAP.CD;4247,63134315945;3952,80357364813;5365,48934672897
Andorra;AND;GDP per capita (current US$);NY.GDP.PCAP.CD;41500,5435791686;38654,9347203095;42819,7745797624
Arab World;ARB;GDP per capita (current US$);NY.GDP.PCAP.CD;7336,19770815465;6203,70263640435;6576,51663083912
United Arab Emirates;ARE;GDP per capita (current US$);NY.GDP.PCAP.CD;52034,4762466073;43534,9972681733;45689,8570040215
Argentina;ARG;GDP per capita (current US$);NY.GDP.PCAP.CD;12949,717486654;13679,6264980954;11752,7998922979
Armenia;ARM;GDP per capita (current US$);NY.GDP.PCAP.CD;3511,56399687426;3512,39350276709;4196,00562301769
American Samoa;ASM;GDP per capita (current US$);NY.GDP.PCAP.CD;11745,4899153958;12727,4102651386;12552,0546868861
Antigua and Barbuda;ATG;GDP per capita (current US$);NY.GDP.PCAP.CD;15208,6569723517;16080,6580495873;18273,4270684912
Australia;AUS;GDP per capita (current US$);NY.GDP.PCAP.CD;68072,8732340801;56739,0265346593;57196,4220783778
Austria;AUT;GDP per capita (current US$);NY.GDP.PCAP.CD;48250,4059142637;43915,228020857;51194,0749841299
Azerbaijan;AZE;GDP per capita (current US$);NY.GDP.PCAP.CD;7495,86527658099;5500,50364628486;4739,7943123408
Burundi;BDI;GDP per capita (current US$);NY.GDP.PCAP.CD;231,688496393569;280,966831311923;224,89939239264
Belgium;BEL;GDP per capita (current US$);NY.GDP.PCAP.CD;44874,1709182123;40893,804537772;47487,2100392561
Benin;BEN;GDP per capita (current US$);NY.GDP.PCAP.CD;1071,52583567484;1002,41886882564;1151,74096952152
Burkina Faso;BFA;GDP per capita (current US$);NY.GDP.PCAP.CD;731,470138867833;630,124750752312;777,465618514048
Bangladesh;BGD;GDP per capita (current US$);NY.GDP.PCAP.CD;859,680536375497;1224,38647668165;1965,24372731467
Bulgaria;BGR;GDP per capita (current US$);NY.GDP.PCAP.CD;7430,7373804242;7078,86032298969;9436,14479876055
Bahrain;BHR;GDP per capita (current US$);NY.GDP.PCAP.CD;26438,6733230428;23734,0551143019;26324,4066549559
Bahamas, The;BHS;GDP per capita (current US$);NY.GDP.PCAP.CD;28552,0242683151;30289,4022514831;32124,4051059669
Bosnia and Herzegovina;BIH;GDP per capita (current US$);NY.GDP.PCAP.CD;4693,78899115381;4662,25883724069;6047,84584261133
Belarus;BLR;GDP per capita (current US$);NY.GDP.PCAP.CD;6953,21591683101;5967,06856034227;6360,05310087258
Belize;BLZ;GDP per capita (current US$);NY.GDP.PCAP.CD;5709,68918765363;6154,49593498217;6031,28139580144
Bermuda;BMU;GDP per capita (current US$);NY.GDP.PCAP.CD;100213,493385287;104855,366822135;113204,82210838
Bolivia;BOL;GDP per capita (current US$);NY.GDP.PCAP.CD;2575,59857098084;2996,01289804214;3500,72642189371
Brazil;BRA;GDP per capita (current US$);NY.GDP.PCAP.CD;12521,7213530369;8936,19661756825;9300,66164936497
Barbados;BRB;GDP per capita (current US$);NY.GDP.PCAP.CD;19034,0708028512;18954,2913724506;20055,915870771
Brunei Darussalam;BRN;GDP per capita (current US$);NY.GDP.PCAP.CD;46968,5971144517;30625,128732694;30988,1190497851
Bhutan;BTN;GDP per capita (current US$);NY.GDP.PCAP.CD;2751,21288653263;2954,04081973327;3400,20417159422
Botswana;BWA;GDP per capita (current US$);NY.GDP.PCAP.CD;6595,53845015424;6141,20394726616;7407,95940141786
Central African Republic;CAF;GDP per capita (current US$);NY.GDP.PCAP.CD;544,395849142785;366,322853938121;455,243962859534
Canada;CAN;GDP per capita (current US$);NY.GDP.PCAP.CD;52670,3447335415;43594,1941045394;46539,1761570405
Central Europe and the Baltics;CEB;GDP per capita (current US$);NY.GDP.PCAP.CD;13107,500121516;12568,2965059245;16181,6073703684
Switzerland;CHE;GDP per capita (current US$);NY.GDP.PCAP.CD;85836,2076767359;83806,4476003837;85217,3691512274
Channel Islands;CHI;GDP per capita (current US$);NY.GDP.PCAP.CD;58813,9366544241;61852,0736534587;60783,3533081111
Chile;CHL;GDP per capita (current US$);NY.GDP.PCAP.CD;15241,9069977366;13433,9202985339;15659,4808675628
China;CHN;GDP per capita (current US$);NY.GDP.PCAP.CD;6300,58217951734;8016,44559489998;9905,40638304527
Cote d'Ivoire;CIV;GDP per capita (current US$);NY.GDP.PCAP.CD;1546,9460184731;1814,71855088017;2130,86619381144
Cameroon;CMR;GDP per capita (current US$);NY.GDP.PCAP.CD;1449,09874362279;1415,00009710569;1610,69641591017
Congo, Dem. Rep.;COD;GDP per capita (current US$);NY.GDP.PCAP.CD;400,059901824342;467,9145805459;528,256019777898
Congo, Rep.;COG;GDP per capita (current US$);NY.GDP.PCAP.CD;3732,32737320389;2439,35189403696;2694,43413191427
Colombia;COL;GDP per capita (current US$);NY.GDP.PCAP.CD;8108,59838244229;6248,51490534512;6816,96818309544
Comoros;COM;GDP per capita (current US$);NY.GDP.PCAP.CD;1490,31511351281;1329,37048235986;1540,71132257526
Cabo Verde;CPV;GDP per capita (current US$);NY.GDP.PCAP.CD;3736,81517011087;3415,06266730931;4294,96510456428
Costa Rica;CRI;GDP per capita (current US$);NY.GDP.PCAP.CD;10126,9991024177;11714,7105980732;12590,2493781614
Caribbean small states;CSS;GDP per capita (current US$);NY.GDP.PCAP.CD;11305,6061869965;11835,2872155303;12047,8528111635
Cuba;CUB;GDP per capita (current US$);NY.GDP.PCAP.CD;6470,83673392653;7727,91997207998;8911,46205964193
Curacao;CUW;GDP per capita (current US$);NY.GDP.PCAP.CD;19809,8223198624;19361,8130008678;19119,1243941688
Cayman Islands;CYM;GDP per capita (current US$);NY.GDP.PCAP.CD;75101,59136128;76379,2095108681;83865,5531568184
Cyprus;CYP;GDP per capita (current US$);NY.GDP.PCAP.CD;28991,935546875;23487,228515625;29599,986328125
Czechia;CZE;GDP per capita (current US$);NY.GDP.PCAP.CD;20014,0354015165;17931,5987670768;23705,9329811299
Germany;DEU;GDP per capita (current US$);NY.GDP.PCAP.CD;44735,5882319701;41911,0109851054;48874,8595028454
Djibouti;DJI;GDP per capita (current US$);NY.GDP.PCAP.CD;1400,19357858954;2376,12554719873;2718,0853229414
Dominica;DMA;GDP per capita (current US$);NY.GDP.PCAP.CD;7031,39987118111;7679,83293618857;8137,56520624242
Denmark;DNK;GDP per capita (current US$);NY.GDP.PCAP.CD;58443,7747103968;53094,0133607574;61324,7665045565
Dominican Republic;DOM;GDP per capita (current US$);NY.GDP.PCAP.CD;6025,72582713231;6819,93225155181;7934,98141208525
Algeria;DZA;GDP per capita (current US$);NY.GDP.PCAP.CD;6033,64884689543;4685,05902729002;4577,21029180491
East Asia & Pacific (excluding high income);EAP;GDP per capita (current US$);NY.GDP.PCAP.CD;5364,23069934233;6482,99315626888;7925,42476458249
Early-demographic dividend;EAR;GDP per capita (current US$);NY.GDP.PCAP.CD;3356,98183201305;3211,78012733143;3503,21320137921
East Asia & Pacific;EAS;GDP per capita (current US$);NY.GDP.PCAP.CD;9416,21589854878;9562,10616350756;11285,8972298534
Europe & Central Asia (excluding high income);ECA;GDP per capita (current US$);NY.GDP.PCAP.CD;7072,25824676591;6282,67304098967;5952,35226461881
Europe & Central Asia;ECS;GDP per capita (current US$);NY.GDP.PCAP.CD;25165,1269344708;22657,3094941092;25340,1536558293
Ecuador;ECU;GDP per capita (current US$);NY.GDP.PCAP.CD;5634,08393191094;5976,1596805651;6303,91892523596
Egypt, Arab Rep.;EGY;GDP per capita (current US$);NY.GDP.PCAP.CD;2996,0677072015;3306,98159414141;2484,70315630508
Euro area;EMU;GDP per capita (current US$);NY.GDP.PCAP.CD;37558,5184564355;34415,6153549122;40068,5215464339
Eritrea;ERI;GDP per capita (current US$);NY.GDP.PCAP.CD;;;
Spain;ESP;GDP per capita (current US$);NY.GDP.PCAP.CD;28456,4438151477;25969,8383138327;30592,1264795541
Estonia;EST;GDP per capita (current US$);NY.GDP.PCAP.CD;17568,2137969714;17722,1557669523;23618,1361254581
Ethiopia;ETH;GDP per capita (current US$);NY.GDP.PCAP.CD;452,101031885754;621,845673808133;747,968143637014
European Union;EUU;GDP per capita (current US$);NY.GDP.PCAP.CD;33378,8274150555;30716,6295698647;36002,564051993
Fragile and conflict affected situations;FCS;GDP per capita (current US$);NY.GDP.PCAP.CD;2235,7997856716;1810,68930176888;1819,00302147749
Finland;FIN;GDP per capita (current US$);NY.GDP.PCAP.CD;47551,6740841369;42560,3456767103;49654,2497035329
Fiji;FJI;GDP per capita (current US$);NY.GDP.PCAP.CD;4341,40338748749;5097,53108832569;6085,41979209299
France;FRA;GDP per capita (current US$);NY.GDP.PCAP.CD;40863,5814412333;36702,4323733379;41418,1766484844
Faroe Islands;FRO;GDP per capita (current US$);NY.GDP.PCAP.CD;50261,9616267693;52635,0375463609;62524,0387361638
Micronesia, Fed. Sts.;FSM;GDP per capita (current US$);NY.GDP.PCAP.CD;3033,16989526369;2911,16211045292;3566,58690371125
Gabon;GAB;GDP per capita (current US$);NY.GDP.PCAP.CD;9296,96587941088;7047,12654634355;7624,2775233771
United Kingdom;GBR;GDP per capita (current US$);NY.GDP.PCAP.CD;42497,3404974322;44964,3911437292;43203,8141057739
Georgia;GEO;GDP per capita (current US$);NY.GDP.PCAP.CD;4530,69533409431;4086,6223465965;4804,0546040444
Ghana;GHA;GDP per capita (current US$);NY.GDP.PCAP.CD;1543,77524235764;1721,69964380717;2196,61290615342
Gibraltar;GIB;GDP per capita (current US$);NY.GDP.PCAP.CD;;;
Guinea;GIN;GDP per capita (current US$);NY.GDP.PCAP.CD;699,353377212197;747,356966759448;933,273615633705
Gambia, The;GMB;GDP per capita (current US$);NY.GDP.PCAP.CD;692,579361628102;619,536364296461;696,219806960615
Guinea-Bissau;GNB;GDP per capita (current US$);NY.GDP.PCAP.CD;635,461653303881;645,066837207039;808,531613218504
Equatorial Guinea;GNQ;GDP per capita (current US$);NY.GDP.PCAP.CD;17308,5723924575;9068,91003238645;8102,47084834031
Greece;GRC;GDP per capita (current US$);NY.GDP.PCAP.CD;21624,346052551;17980,7298238137;19873,4015238771
Grenada;GRD;GDP per capita (current US$);NY.GDP.PCAP.CD;7092,71985352677;8694,12438005692;10083,021279225
Greenland;GRL;GDP per capita (current US$);NY.GDP.PCAP.CD;45936,9562817724;44536,3549705377;54545,135857765
Guatemala;GTM;GDP per capita (current US$);NY.GDP.PCAP.CD;3286,61959336267;3893,50521848131;4352,94651790253
Guam;GUM;GDP per capita (current US$);NY.GDP.PCAP.CD;31653,7506538168;35165,7014644795;37195,9503070464
Guyana;GUY;GDP per capita (current US$);NY.GDP.PCAP.CD;5444,39751913913;5640,41560569466;6048,38697180418
High income;HIC;GDP per capita (current US$);NY.GDP.PCAP.CD;38757,333549902;36650,4490056998;41180,3426854104
Hong Kong SAR, China;HKG;GDP per capita (current US$);NY.GDP.PCAP.CD;36730,796195815;42432,1619740441;48537,5668888343
Honduras;HND;GDP per capita (current US$);NY.GDP.PCAP.CD;2126,03474686503;2271,20265980349;2464,64241531918
Heavily indebted poor countries (HIPC);HPC;GDP per capita (current US$);NY.GDP.PCAP.CD;868,154967280184;909,494352340789;968,18729528141
Croatia;HRV;GDP per capita (current US$);NY.GDP.PCAP.CD;13508,6836989693;12285,3032582105;15460,4183295843
Haiti;HTI;GDP per capita (current US$);NY.GDP.PCAP.CD;1361,39396587374;1411,12684746796;1496,38048970156
Hungary;HUN;GDP per capita (current US$);NY.GDP.PCAP.CD;12984,8365730133;12717,038597002;16425,2050299693
IBRD only;IBD;GDP per capita (current US$);NY.GDP.PCAP.CD;5583,76223642554;5525,00490743408;6376,20637613022
IDA & IBRD total;IBT;GDP per capita (current US$);NY.GDP.PCAP.CD;4504,30020456011;4458,11083061724;5071,47780601742
IDA total;IDA;GDP per capita (current US$);NY.GDP.PCAP.CD;1257,6289139483;1346,69693190726;1405,59717231873
IDA blend;IDB;GDP per capita (current US$);NY.GDP.PCAP.CD;1858,02047371817;1953,90145153229;1856,81876322366
Indonesia;IDN;GDP per capita (current US$);NY.GDP.PCAP.CD;3632,272540431;3288,22269737572;3860,95353077708
IDA only;IDX;GDP per capita (current US$);NY.GDP.PCAP.CD;950,907162941154;1036,87089667356;1177,52764226474
Isle of Man;IMN;GDP per capita (current US$);NY.GDP.PCAP.CD;79329,2034347434;84753,5187422732;89393,8244248812
India;IND;GDP per capita (current US$);NY.GDP.PCAP.CD;1429,32199520032;1583,99815907985;1966,25455171679
Not classified;INX;GDP per capita (current US$);NY.GDP.PCAP.CD;;;
Ireland;IRL;GDP per capita (current US$);NY.GDP.PCAP.CD;49411,7387476787;64311,8234684057;81248,3135388
Iran, Islamic Rep.;IRN;GDP per capita (current US$);NY.GDP.PCAP.CD;8114,08099831877;4952,73355532178;4631,78709016514
Iraq;IRQ;GDP per capita (current US$);NY.GDP.PCAP.CD;6477,59618450955;4440,14189252367;5646,68932074742
Iceland;ISL;GDP per capita (current US$);NY.GDP.PCAP.CD;45995,5478789467;52951,6815110898;74452,1890731447
Israel;ISR;GDP per capita (current US$);NY.GDP.PCAP.CD;33236,5731239421;36123,9907881129;42233,2610344935
Italy;ITA;GDP per capita (current US$);NY.GDP.PCAP.CD;35235,7989058242;30387,1293187854;34746,3441392416
Jamaica;JAM;GDP per capita (current US$);NY.GDP.PCAP.CD;5340,83333232158;5062,89556466908;5578,10346083169
Jordan;JOR;GDP per capita (current US$);NY.GDP.PCAP.CD;4169,50470054618;4042,75678097555;4145,43989673265
Japan;JPN;GDP per capita (current US$);NY.GDP.PCAP.CD;49145,2804308193;34960,6393843385;39751,1330982711
Kazakhstan;KAZ;GDP per capita (current US$);NY.GDP.PCAP.CD;12018,7966527993;10196,1226255982;9472,48527327758
Kenya;KEN;GDP per capita (current US$);NY.GDP.PCAP.CD;1285,00536171512;1489,11959777284;1836,45275528993
Kyrgyz Republic;KGZ;GDP per capita (current US$);NY.GDP.PCAP.CD;1168,62244675446;1105,65202996955;1283,52040333083
Cambodia;KHM;GDP per capita (current US$);NY.GDP.PCAP.CD;1192,80263041673;1547,32010444393;2036,67377566578
Kiribati;KIR;GDP per capita (current US$);NY.GDP.PCAP.CD;1843,55346948038;1639,85274301496;1912,73798131035
St. Kitts and Nevis;KNA;GDP per capita (current US$);NY.GDP.PCAP.CD;17532,0559008608;20328,8003530109;22901,3816403197
Korea, Rep.;KOR;GDP per capita (current US$);NY.GDP.PCAP.CD;25459,1689000965;28737,4391706499;33447,1562836166
Kuwait;KWT;GDP per capita (current US$);NY.GDP.PCAP.CD;52155,2225460479;29882,2126867068;32067,9623689512
Latin America & Caribbean (excluding high income);LAC;GDP per capita (current US$);NY.GDP.PCAP.CD;9826,01988585737;8337,14599402852;8504,73822009603
Lao PDR;LAO;GDP per capita (current US$);NY.GDP.PCAP.CD;1563,5650771337;2121,01339097363;2545,1075420815
Lebanon;LBN;GDP per capita (current US$);NY.GDP.PCAP.CD;8406,98405608118;7714,1099998804;9174,53666204759
Liberia;LBR;GDP per capita (current US$);NY.GDP.PCAP.CD;638,368751462083;692,590082351257;692,203127129794
Libya;LBY;GDP per capita (current US$);NY.GDP.PCAP.CD;14975,8902795144;7458,48917756374;11196,5854810844
St. Lucia;LCA;GDP per capita (current US$);NY.GDP.PCAP.CD;9260,30006551714;10334,9225558425;11642,7403185172
Latin America & Caribbean;LCN;GDP per capita (current US$);NY.GDP.PCAP.CD;10344,625186318;8759,80639725635;9034,70781075096
Least developed countries: UN classification;LDC;GDP per capita (current US$);NY.GDP.PCAP.CD;920,356744208063;964,449793360221;1065,22658037951
Low income;LIC;GDP per capita (current US$);NY.GDP.PCAP.CD;699,373833339976;705,461511003203;654,345171301588
Liechtenstein;LIE;GDP per capita (current US$);NY.GDP.PCAP.CD;148842,035144342;167187,15730982;174988,775083446
Sri Lanka;LKA;GDP per capita (current US$);NY.GDP.PCAP.CD;3327,77612404326;4060,13139670248;4360,58473469252
Lower middle income;LMC;GDP per capita (current US$);NY.GDP.PCAP.CD;1692,33125256858;1841,84526127088;2076,456710545
Low & middle income;LMY;GDP per capita (current US$);NY.GDP.PCAP.CD;4048,47846033862;4187,84406931518;4738,20340339937
Lesotho;LSO;GDP per capita (current US$);NY.GDP.PCAP.CD;1217,93071228944;1121,19851342518;1170,65569702819
Late-demographic dividend;LTE;GDP per capita (current US$);NY.GDP.PCAP.CD;8005,48648466589;8228,5219032545;9850,36115121356
Lithuania;LTU;GDP per capita (current US$);NY.GDP.PCAP.CD;14294,7178607152;14300,2553666736;19368,5391045353
Luxembourg;LUX;GDP per capita (current US$);NY.GDP.PCAP.CD;112584,676270958;105462,012584423;116786,511654677
Latvia;LVA;GDP per capita (current US$);NY.GDP.PCAP.CD;13329,3499931271;13321,9753140616;17252,1710428626
Macao SAR, China;MAC;GDP per capita (current US$);NY.GDP.PCAP.CD;76051,6312325843;70070,2918001631;83761,8171798142
St. Martin (French part);MAF;GDP per capita (current US$);NY.GDP.PCAP.CD;;;
Morocco;MAR;GDP per capita (current US$);NY.GDP.PCAP.CD;3164,17724609375;3146,24780273438;3501,69799804688
Monaco;MCO;GDP per capita (current US$);NY.GDP.PCAP.CD;165444,651378771;170437,101188261;188298,315668437
Moldova;MDA;GDP per capita (current US$);NY.GDP.PCAP.CD;3044,8084324815;2749,55137054338;4156,44981956646
Madagascar;MDG;GDP per capita (current US$);NY.GDP.PCAP.CD;493,511162904211;445,320069480568;500,45718552916
Maldives;MDV;GDP per capita (current US$);NY.GDP.PCAP.CD;7461,29703686309;9644,90655028145;11423,2838427029
Middle East & North Africa;MEA;GDP per capita (current US$);NY.GDP.PCAP.CD;8823,39627549638;7228,30889534971;7732,44296580288
Mexico;MEX;GDP per capita (current US$);NY.GDP.PCAP.CD;10744,1335242686;10021,2386118827;10084,7937562021
Marshall Islands;MHL;GDP per capita (current US$);NY.GDP.PCAP.CD;3514,26515490383;3764,34426229508;4858,12079054875
Middle income;MIC;GDP per capita (current US$);NY.GDP.PCAP.CD;4398,51781287514;4565,92744572991;5202,51034300538
North Macedonia;MKD;GDP per capita (current US$);NY.GDP.PCAP.CD;5049,8265386157;5262,68671928674;6713,98925398989
Mali;MLI;GDP per capita (current US$);NY.GDP.PCAP.CD;733,738935290444;704,821646439506;835,086710561793
Malta;MLT;GDP per capita (current US$);NY.GDP.PCAP.CD;22878,313086001;25481,8977555627;33332,1905601302
Myanmar;MMR;GDP per capita (current US$);NY.GDP.PCAP.CD;1202,6658960055;1166,73305546288;1298,21310320785
Middle East & North Africa (excluding high income);MNA;GDP per capita (current US$);NY.GDP.PCAP.CD;4906,91313645694;3803,87110555447;3682,71025533449
Montenegro;MNE;GDP per capita (current US$);NY.GDP.PCAP.CD;6586,39970256684;6517,19267514764;8850,3749248372
Mongolia;MNG;GDP per capita (current US$);NY.GDP.PCAP.CD;4328,89001905655;3838,92126989984;4107,64288528468
Northern Mariana Islands;MNP;GDP per capita (current US$);NY.GDP.PCAP.CD;14013,6003306158;17665,1007493109;26509,3628379893
Mozambique;MOZ;GDP per capita (current US$);NY.GDP.PCAP.CD;685,685748199513;610,563774706589;517,507260258101
Mauritania;MRT;GDP per capita (current US$);NY.GDP.PCAP.CD;1859,11733247641;1554,94897871782;1722,93528854073
Mauritius;MUS;GDP per capita (current US$);NY.GDP.PCAP.CD;9291,23627601053;9507,87133656424;11643,4605962124
Malawi;MWI;GDP per capita (current US$);NY.GDP.PCAP.CD;558,46208832772;539,605363240686;533,203173686705
Malaysia;MYS;GDP per capita (current US$);NY.GDP.PCAP.CD;10600,5744240026;9648,6797937523;10901,8019954421
North America;NAC;GDP per capita (current US$);NY.GDP.PCAP.CD;51881,4589732398;55702,089462785;61512,7212012788
Namibia;NAM;GDP per capita (current US$);NY.GDP.PCAP.CD;5942,64680978673;4774,10650865775;5308,60813408705
New Caledonia;NCL;GDP per capita (current US$);NY.GDP.PCAP.CD;35559,5672006157;30858,7237060533;34902,8968780031
Niger;NER;GDP per capita (current US$);NY.GDP.PCAP.CD;528,510104469655;485,662574175279;578,568035680892
Nigeria;NGA;GDP per capita (current US$);NY.GDP.PCAP.CD;2633,19734671361;2585,73360671797;2057,87944554011
Nicaragua;NIC;GDP per capita (current US$);NY.GDP.PCAP.CD;1784,69212752824;2074,45446460028;2035,16750115975
Netherlands;NLD;GDP per capita (current US$);NY.GDP.PCAP.CD;50473,9442002689;45793,8135434697;53955,0770024266
Norway;NOR;GDP per capita (current US$);NY.GDP.PCAP.CD;102175,919298374;74809,9658049898;82792,8427113304
Nepal;NPL;GDP per capita (current US$);NY.GDP.PCAP.CD;788,202937148377;875,543635474862;1179,19843190389
Nauru;NRU;GDP per capita (current US$);NY.GDP.PCAP.CD;9817,36872216004;7703,43149943923;11408,6947593898
New Zealand;NZL;GDP per capita (current US$);NY.GDP.PCAP.CD;39974,2997334925;38639,3501941427;43228,6976473771
OECD members;OED;GDP per capita (current US$);NY.GDP.PCAP.CD;37325,2021922766;35784,8705175556;39573,0447485009
Oman;OMN;GDP per capita (current US$);NY.GDP.PCAP.CD;24642,2978768596;18808,3077921839;19901,7615642016
Other small states;OSS;GDP per capita (current US$);NY.GDP.PCAP.CD;12547,6960302501;11735,6880833152;14455,7757539518
Pakistan;PAK;GDP per capita (current US$);NY.GDP.PCAP.CD;1204,36475491585;1380,47020838317;1569,33814626355
Panama;PAN;GDP per capita (current US$);NY.GDP.PCAP.CD;11064,8063606203;14082,6548502728;16151,3273478476
Peru;PER;GDP per capita (current US$);NY.GDP.PCAP.CD;6519,37852981527;6231,71150338894;6978,49121548627
Philippines;PHL;GDP per capita (current US$);NY.GDP.PCAP.CD;2614,61644410764;2909,85818014474;3168,51036606257
Palau;PLW;GDP per capita (current US$);NY.GDP.PCAP.CD;12145,3644807205;15690,7586522228;16197,7254546986
Papua New Guinea;PNG;GDP per capita (current US$);NY.GDP.PCAP.CD;2635,0873631547;2484,5963398603;2566,36833735041
Poland;POL;GDP per capita (current US$);NY.GDP.PCAP.CD;13087,420943321;12637,5220324406;15658,2120316794
Pre-demographic dividend;PRE;GDP per capita (current US$);NY.GDP.PCAP.CD;1656,47257454939;1501,73812551821;1432,1297922805
Puerto Rico;PRI;GDP per capita (current US$);NY.GDP.PCAP.CD;27944,7338937424;29763,4883013861;31615,0667918433
Korea, Dem. People's Rep.;PRK;GDP per capita (current US$);NY.GDP.PCAP.CD;;;
Portugal;PRT;GDP per capita (current US$);NY.GDP.PCAP.CD;20593,4274224109;19215,7813014347;23541,1401075289
Paraguay;PRY;GDP per capita (current US$);NY.GDP.PCAP.CD;5642,1699167298;5879,33792308671;6258,44991640954
West Bank and Gaza;PSE;GDP per capita (current US$);NY.GDP.PCAP.CD;3067,43872735614;3272,15432360708;3562,33094270256
Pacific island small states;PSS;GDP per capita (current US$);NY.GDP.PCAP.CD;3494,91244207853;3710,01234754574;4245,78718413539
Post-demographic dividend;PST;GDP per capita (current US$);NY.GDP.PCAP.CD;42350,2886484502;40778,3409479148;45562,8677932304
French Polynesia;PYF;GDP per capita (current US$);NY.GDP.PCAP.CD;20846,5457478364;19166,9594761931;21925,616043938
Qatar;QAT;GDP per capita (current US$);NY.GDP.PCAP.CD;108470,378825036;68985,2946961507;71039,8490579352
Romania;ROU;GDP per capita (current US$);NY.GDP.PCAP.CD;8929,95366231474;8977,01748158196;12502,2624061935
Russian Federation;RUS;GDP per capita (current US$);NY.GDP.PCAP.CD;15401,8515625;9277,7138671875;11211,8876953125
Rwanda;RWA;GDP per capita (current US$);NY.GDP.PCAP.CD;706,817317494399;733,998585018273;771,773521962568
South Asia;SAS;GDP per capita (current US$);NY.GDP.PCAP.CD;1352,07296472777;1528,46685971348;1907,38178097978
Saudi Arabia;SAU;GDP per capita (current US$);NY.GDP.PCAP.CD;28348,5730107499;22453,571552265;28036,0264674095
Sudan;SDN;GDP per capita (current US$);NY.GDP.PCAP.CD;1019,22210693359;1292,37963867188;731,027465820313
Senegal;SEN;GDP per capita (current US$);NY.GDP.PCAP.CD;1326,83798848379;1218,00613555438;1452,55612562445
Singapore;SGP;GDP per capita (current US$);NY.GDP.PCAP.CD;55547,5553077786;55645,6068614606;66840,6373389791
Solomon Islands;SLB;GDP per capita (current US$);NY.GDP.PCAP.CD;2066,25352289833;2045,47889485251;2278,20633913383
Sierra Leone;SLE;GDP per capita (current US$);NY.GDP.PCAP.CD;904,840762004552;945,148168480629;845,914540460932
El Salvador;SLV;GDP per capita (current US$);NY.GDP.PCAP.CD;3497,91256915509;3790,34089108162;4183,54620971358
San Marino;SMR;GDP per capita (current US$);NY.GDP.PCAP.CD;47945,8991734281;43146,8240435428;47950,6880557136
Somalia;SOM;GDP per capita (current US$);NY.GDP.PCAP.CD;350,261946720969;445,583078625015;509,525802439801
Serbia;SRB;GDP per capita (current US$);NY.GDP.PCAP.CD;6263,04086072815;5820,3215576888;7559,86165747394
Sub-Saharan Africa (excluding high income);SSA;GDP per capita (current US$);NY.GDP.PCAP.CD;1790,5380975987;1627,66404278518;1604,66374694771
South Sudan;SSD;GDP per capita (current US$);NY.GDP.PCAP.CD;1109,26050083408;1080,14718624765;
Sub-Saharan Africa;SSF;GDP per capita (current US$);NY.GDP.PCAP.CD;1791,52362904208;1628,91285742916;1606,1313576289
Small states;SST;GDP per capita (current US$);NY.GDP.PCAP.CD;11149,6078319649;10690,6175098911;12723,981268455
Sao Tome and Principe;STP;GDP per capita (current US$);NY.GDP.PCAP.CD;1210,79264672325;1298,10946596396;1825,59971753966
Suriname;SUR;GDP per capita (current US$);NY.GDP.PCAP.CD;8851,24050668908;8813,61705392067;6665,74180472239
Slovak Republic;SVK;GDP per capita (current US$);NY.GDP.PCAP.CD;17516,9691054078;16442,0760860018;19573,3717031314
Slovenia;SVN;GDP per capita (current US$);NY.GDP.PCAP.CD;22442,1417859955;20697,2748530619;25888,0481065655
Sweden;SWE;GDP per capita (current US$);NY.GDP.PCAP.CD;57749,8251328664;51197,9529341175;54181,9069780904
Eswatini;SWZ;GDP per capita (current US$);NY.GDP.PCAP.CD;4347,99569336631;3393,53367834668;3986,10557163026
Sint Maarten (Dutch part);SXM;GDP per capita (current US$);NY.GDP.PCAP.CD;28149,0997855041;37839,6283815163;31708,3110124742
Seychelles;SYC;GDP per capita (current US$);NY.GDP.PCAP.CD;12337,1554669388;15333,1051727105;18440,2340460932
Syrian Arab Republic;SYR;GDP per capita (current US$);NY.GDP.PCAP.CD;1897,66115018696;847,731631942565;1098,0668642357
Turks and Caicos Islands;TCA;GDP per capita (current US$);NY.GDP.PCAP.CD;22633,9527500233;25736,101625461;27160,1579568902
Chad;TCD;GDP per capita (current US$);NY.GDP.PCAP.CD;936,141444963822;747,588448455507;695,642393675941
East Asia & Pacific (IDA & IBRD countries);TEA;GDP per capita (current US$);NY.GDP.PCAP.CD;5425,75299693559;6556,49872551757;8014,49766251885
Europe & Central Asia (IDA & IBRD countries);TEC;GDP per capita (current US$);NY.GDP.PCAP.CD;10406,9546977795;8001,11229243002;8884,71291375979
Togo;TGO;GDP per capita (current US$);NY.GDP.PCAP.CD;762,392047587088;751,052405084336;851,130806891807
Thailand;THA;GDP per capita (current US$);NY.GDP.PCAP.CD;5725,52802835463;5688,85335397884;7099,77650081458
Tajikistan;TJK;GDP per capita (current US$);NY.GDP.PCAP.CD;952,452819695469;956,916310930656;834,288404578801
Turkmenistan;TKM;GDP per capita (current US$);NY.GDP.PCAP.CD;6053,8748468749;5759,497903834;6125,05169712085
Latin America & the Caribbean (IDA & IBRD countries);TLA;GDP per capita (current US$);NY.GDP.PCAP.CD;10277,9055625547;8617,55291183431;8877,72299219367
Timor-Leste;TLS;GDP per capita (current US$);NY.GDP.PCAP.CD;1022,61903188429;1319,59297370991;1219,46598597604
Middle East & North Africa (IDA & IBRD countries);TMN;GDP per capita (current US$);NY.GDP.PCAP.CD;4927,28576533117;3809,84668165081;3684,084605003
Tonga;TON;GDP per capita (current US$);NY.GDP.PCAP.CD;4384,17058321549;4123,90323993332;4638,89774268789
South Asia (IDA & IBRD);TSA;GDP per capita (current US$);NY.GDP.PCAP.CD;1352,07296472777;1528,46685971348;1907,38178097978
Sub-Saharan Africa (IDA & IBRD countries);TSS;GDP per capita (current US$);NY.GDP.PCAP.CD;1791,52362904208;1628,91285742916;1606,1313576289
Trinidad and Tobago;TTO;GDP per capita (current US$);NY.GDP.PCAP.CD;20472,3574298508;20024,754663902;18076,3565550233
Tunisia;TUN;GDP per capita (current US$);NY.GDP.PCAP.CD;4297,26782454273;4014,94773686432;3628,10366464236
Turkiye;TUR;GDP per capita (current US$);NY.GDP.PCAP.CD;11713,2849831139;11049,9951100942;9568,83506330228
Tuvalu;TUV;GDP per capita (current US$);NY.GDP.PCAP.CD;3598,46163091053;3357,83417700071;4466,12034928245
Tanzania;TZA;GDP per capita (current US$);NY.GDP.PCAP.CD;861,969909667969;939,127319335938;1023,10626220703
Uganda;UGA;GDP per capita (current US$);NY.GDP.PCAP.CD;795,222867553127;862,934610355811;792,16570022814
Ukraine;UKR;GDP per capita (current US$);NY.GDP.PCAP.CD;3951,34228515625;2094,47387695313;3059,0517578125
Upper middle income;UMC;GDP per capita (current US$);NY.GDP.PCAP.CD;7116,07953497976;7359,58786997586;8473,68198859219
Uruguay;URY;GDP per capita (current US$);NY.GDP.PCAP.CD;16259,5940814256;17125,9016800298;19249,9401532664
United States;USA;GDP per capita (current US$);NY.GDP.PCAP.CD;51784,4114692048;57040,2082136605;63201,0458483771
Uzbekistan;UZB;GDP per capita (current US$);NY.GDP.PCAP.CD;2307,34649117185;2803,19018021751;1813,08530813664
St. Vincent and the Grenadines;VCT;GDP per capita (current US$);NY.GDP.PCAP.CD;6713,80768643865;7353,73556054184;8428,12677153069
Venezuela, RB;VEN;GDP per capita (current US$);NY.GDP.PCAP.CD;12901,4171582274;;
British Virgin Islands;VGB;GDP per capita (current US$);NY.GDP.PCAP.CD;;;
Virgin Islands (U.S.);VIR;GDP per capita (current US$);NY.GDP.PCAP.CD;37795,3192590675;34007,3529411765;36663,2087550584
Viet Nam;VNM;GDP per capita (current US$);NY.GDP.PCAP.CD;2185,11767654291;2577,56885340113;3222,31003125366
Vanuatu;VUT;GDP per capita (current US$);NY.GDP.PCAP.CD;3004,78416664293;2746,59171880997;3206,68930842127
World;WLD;GDP per capita (current US$);NY.GDP.PCAP.CD;10550,1381274389;10142,1434788123;11288,8842617304
Samoa;WSM;GDP per capita (current US$);NY.GDP.PCAP.CD;3934,60320799981;4084,36083819933;4231,81409469194
Kosovo;XKX;GDP per capita (current US$);NY.GDP.PCAP.CD;3410,65550749316;3520,62850699375;4384,18624084947
Yemen, Rep.;YEM;GDP per capita (current US$);NY.GDP.PCAP.CD;1245,05068272078;1362,17379435676;633,887206000087
South Africa;ZAF;GDP per capita (current US$);NY.GDP.PCAP.CD;8076,97678479741;6112,27382485974;6914,1780318076
Zambia;ZMB;GDP per capita (current US$);NY.GDP.PCAP.CD;1710,05061343728;1295,87788680068;1463,89997855593
Zimbabwe;ZWE;GDP per capita (current US$);NY.GDP.PCAP.CD;1238,60109002194;1386,42284717709;2271,8533351306